{"cameraMode":{"drawMode":0,"name":"Shaded","section":"Shading Mode"},"sceneLighting":false,"audioPlay":false,"sceneViewState":{"showFog":true,"showMaterialUpdate":false,"showSkybox":true,"showFlares":true,"showImageEffects":true,"showParticleSystems":true},"in2DMode":false,"pivot":{"x":-60.466670989990237,"y":3.292323112487793,"z":-1.9983474016189576},"rotation":{"x":0.0016205504070967436,"y":-0.9852482676506043,"z":0.17167137563228608,"w":0.015024608001112938},"size":3.7770230770111086,"orthographic":false}