{"cameraMode":{"drawMode":0,"name":"Shaded","section":"Shading Mode"},"sceneLighting":false,"audioPlay":false,"sceneViewState":{"showFog":true,"showMaterialUpdate":false,"showSkybox":true,"showFlares":true,"showImageEffects":true,"showParticleSystems":true},"in2DMode":false,"pivot":{"x":-22.35626220703125,"y":2.5281982421875,"z":33.13864517211914},"rotation":{"x":0.16451917588710786,"y":-0.6623534560203552,"z":0.15244004130363465,"w":0.7148382067680359},"size":2.8578836917877199,"orthographic":false}