{"cameraMode":{"drawMode":0,"name":"Shaded","section":"Shading Mode"},"sceneLighting":false,"audioPlay":false,"sceneViewState":{"showFog":true,"showMaterialUpdate":false,"showSkybox":true,"showFlares":true,"showImageEffects":true,"showParticleSystems":true},"in2DMode":false,"pivot":{"x":-18.36082649230957,"y":0.336368203163147,"z":11.846988677978516},"rotation":{"x":0.058870937675237659,"y":-0.9304830431938171,"z":0.3149673640727997,"w":0.1788427233695984},"size":2.8578836917877199,"orthographic":false}