{"cameraMode":{"drawMode":0,"name":"Shaded","section":"Shading Mode"},"sceneLighting":false,"audioPlay":false,"sceneViewState":{"showFog":true,"showMaterialUpdate":false,"showSkybox":false,"showFlares":true,"showImageEffects":true,"showParticleSystems":true},"in2DMode":false,"pivot":{"x":0.530303955078125,"y":0.6000000238418579,"z":2.469863176345825},"rotation":{"x":0.04029417410492897,"y":0.7234589457511902,"z":-0.04237782582640648,"w":0.6878888010978699},"size":3.2757408618927,"orthographic":false}