{"cameraMode":{"drawMode":0,"name":"Shaded","section":"Shading Mode"},"sceneLighting":false,"audioPlay":false,"sceneViewState":{"showFog":true,"showMaterialUpdate":false,"showSkybox":true,"showFlares":true,"showImageEffects":true,"showParticleSystems":true},"in2DMode":false,"pivot":{"x":-19.59844398498535,"y":1.7873997688293458,"z":-0.8995656967163086},"rotation":{"x":-0.15336352586746217,"y":-0.7669317722320557,"z":0.1991862803697586,"w":-0.5904645323753357},"size":3.47501802444458,"orthographic":false}