{"cameraMode":{"drawMode":0,"name":"Shaded","section":"Shading Mode"},"sceneLighting":false,"audioPlay":false,"sceneViewState":{"showFog":true,"showMaterialUpdate":false,"showSkybox":true,"showFlares":true,"showImageEffects":true,"showParticleSystems":true},"in2DMode":false,"pivot":{"x":-26.067852020263673,"y":2.1298389434814455,"z":29.557228088378908},"rotation":{"x":-0.11389721930027008,"y":0.6898849606513977,"z":-0.11127352714538574,"w":-0.7062048316001892},"size":3.7770230770111086,"orthographic":false}