{"cameraMode":{"drawMode":0,"name":"Shaded","section":"Shading Mode"},"sceneLighting":false,"audioPlay":false,"sceneViewState":{"showFog":true,"showMaterialUpdate":false,"showSkybox":true,"showFlares":true,"showImageEffects":true,"showParticleSystems":true},"in2DMode":false,"pivot":{"x":-34.265663146972659,"y":85.38438415527344,"z":40.21687698364258},"rotation":{"x":0.24871204793453217,"y":0.7434069514274597,"z":-0.37185579538345339,"w":0.49723100662231448},"size":3.7770230770111086,"orthographic":false}