{"cameraMode":{"drawMode":0,"name":"Shaded","section":"Shading Mode"},"sceneLighting":false,"audioPlay":false,"sceneViewState":{"showFog":true,"showMaterialUpdate":false,"showSkybox":true,"showFlares":true,"showImageEffects":true,"showParticleSystems":true},"in2DMode":false,"pivot":{"x":-14.058087348937989,"y":3.77634596824646,"z":-9.390885353088379},"rotation":{"x":0.1370902955532074,"y":0.7631574273109436,"z":-0.16750705242156983,"w":0.6094133257865906},"size":23.393123626708986,"orthographic":false}