{"cameraMode":{"drawMode":0,"name":"Shaded","section":"Shading Mode"},"sceneLighting":false,"audioPlay":false,"sceneViewState":{"showFog":true,"showMaterialUpdate":false,"showSkybox":true,"showFlares":true,"showImageEffects":true,"showParticleSystems":true},"in2DMode":false,"pivot":{"x":-44.529544830322269,"y":6.351576805114746,"z":53.44415283203125},"rotation":{"x":-0.014120113104581833,"y":0.2934519350528717,"z":-0.006136535666882992,"w":-0.9561634659767151},"size":27.659610748291017,"orthographic":false}