{"cameraMode":{"drawMode":0,"name":"Shaded","section":"Shading Mode"},"sceneLighting":false,"audioPlay":false,"sceneViewState":{"showFog":true,"showMaterialUpdate":false,"showSkybox":true,"showFlares":true,"showImageEffects":true,"showParticleSystems":true},"in2DMode":false,"pivot":{"x":38.917659759521487,"y":0.49446213245391848,"z":38.52495574951172},"rotation":{"x":-0.18300022184848786,"y":0.6922294497489929,"z":-0.18846134841442109,"w":-0.6721716523170471},"size":3.7770230770111086,"orthographic":false}