{"cameraMode":{"drawMode":0,"name":"Shaded","section":"Shading Mode"},"sceneLighting":false,"audioPlay":false,"sceneViewState":{"showFog":true,"showMaterialUpdate":false,"showSkybox":true,"showFlares":true,"showImageEffects":true,"showParticleSystems":true},"in2DMode":false,"pivot":{"x":21.308565139770509,"y":-2.8735904693603517,"z":1.450078010559082},"rotation":{"x":0.04029417410492897,"y":0.7234589457511902,"z":-0.04237782582640648,"w":0.6878888010978699},"size":42.26380920410156,"orthographic":false}