{"cameraMode":{"drawMode":0,"name":"Shaded","section":"Shading Mode"},"sceneLighting":false,"audioPlay":false,"sceneViewState":{"showFog":true,"showMaterialUpdate":false,"showSkybox":true,"showFlares":true,"showImageEffects":true,"showParticleSystems":true},"in2DMode":false,"pivot":{"x":-42.05562973022461,"y":5.271816253662109,"z":45.56405258178711},"rotation":{"x":-0.02422703430056572,"y":0.5031116604804993,"z":-0.01562764309346676,"w":-0.8640845417976379},"size":27.659610748291017,"orthographic":false}