{"cameraMode":{"drawMode":0,"name":"Shaded","section":"Shading Mode"},"sceneLighting":false,"audioPlay":false,"sceneViewState":{"showFog":true,"showMaterialUpdate":false,"showSkybox":true,"showFlares":true,"showImageEffects":true,"showParticleSystems":true},"in2DMode":false,"pivot":{"x":-25.364412307739259,"y":0.7735512852668762,"z":28.69510269165039},"rotation":{"x":0.08384125679731369,"y":-0.6853167414665222,"z":0.07995036989450455,"w":0.7190003991127014},"size":3.129093885421753,"orthographic":false}